{
  "picklist": [
    { "term": "sal ammoniac", "score": 0.297, "class": 1 },
    { "term": "albs", "score": 0.275, "class": 25 },
    { "term": "carbonic acid gas analysers", "score": 0.252, "class": 9 },
    { "term": "axes", "score": 0.229, "class": 8 },
    { "term": "shao mai", "score": 0.228, "class": 30 },
    { "term": "baps", "score": 0.225, "class": 30 },
    { "term": "ale", "score": 0.223, "class": 35 },
    { "term": "ph meters", "score": 0.223, "class": 9 },
    { "term": "tar", "score": 0.222, "class": 19 },
    { "term": "tars", "score": 0.222, "class": 19 },
    { "term": "dim sims", "score": 0.222, "class": 35 },
    { "term": "vitamin c preparations", "score": 0.221, "class": 5 },
    { "term": "recuperative gas furnaces", "score": 0.216, "class": 11 },
    { "term": "flue gas analysers", "score": 0.216, "class": 9 },
    { "term": "gas cookers", "score": 0.214, "class": 11 },
    { "term": "tam o'shanters", "score": 0.21, "class": 25 },
    { "term": "dextrinizing enzymes", "score": 0.203, "class": 1 },
    { "term": "gas ovens", "score": 0.202, "class": 11 },
    { "term": "gamma counters", "score": 0.201, "class": 9 },
    { "term": "egg foo yung", "score": 0.201, "class": 29 },
    { "term": "gas scrubbers", "score": 0.201, "class": 11 },
    { "term": "ascots", "score": 0.2, "class": 25 },
    { "term": "gas actuated rams", "score": 0.195, "class": 7 },
    { "term": "propane gas", "score": 0.194, "class": 4 },
    { "term": "guar gum", "score": 0.194, "class": 30 },
    { "term": "alkaline accumulators", "score": 0.194, "class": 9 },
    { "term": "galena (ore)", "score": 0.193, "class": 6 },
    { "term": "orthopaedic soles", "score": 0.192, "class": 10 },
    { "term": "gas meters", "score": 0.192, "class": 9 },
    { "term": "sal ammoniac spirits", "score": 0.192, "class": 1 },
    { "term": "liquefied gas", "score": 0.19, "class": 4 },
    { "term": "reheating gas furnaces", "score": 0.19, "class": 11 },
    { "term": "oxalates", "score": 0.19, "class": 1 },
    { "term": "gas converters", "score": 0.189, "class": 7 },
    { "term": "shin-mi-ryo", "score": 0.188, "class": 30 },
    { "term": "gas compressors", "score": 0.187, "class": 7 },
    { "term": "arrack (arak)", "score": 0.186, "class": 35 },
    { "term": "arak (arrack)", "score": 0.186, "class": 33 },
    { "term": "shoe soles", "score": 0.184, "class": 25 },
    { "term": "tatting shuttles", "score": 0.184, "class": 26 },
    { "term": "data buffers", "score": 0.184, "class": 9 },
    { "term": "intermediate soles", "score": 0.183, "class": 25 },
    { "term": "petroleum gas", "score": 0.182, "class": 4 },
    { "term": "alkaline orthophosphates", "score": 0.181, "class": 1 },
    { "term": "niacin tablets", "score": 0.181, "class": 5 },
    {
      "term": "netball positional patches (bibs)",
      "score": 0.18,
      "class": 28
    },
    { "term": "porter", "score": 0.18, "class": 32 },
    { "term": "benzoic acid", "score": 0.18, "class": 1 },
    { "term": "ham", "score": 0.18, "class": 29 },
    { "term": "mead (hydromel)", "score": 0.18, "class": 33 },
    { "term": "mead", "score": 0.18, "class": 33 },
    { "term": "awls", "score": 0.179, "class": 8 },
    { "term": "gas boilers", "score": 0.179, "class": 11 },
    { "term": "yo-yos", "score": 0.179, "class": 28 },
    { "term": "gas burners", "score": 0.178, "class": 11 },
    { "term": "tabards", "score": 0.178, "class": 25 },
    { "term": "gamma cameras", "score": 0.178, "class": 9 },
    { "term": "mah-jong", "score": 0.178, "class": 28 },
    { "term": "ketones", "score": 0.177, "class": 1 },
    { "term": "invalid walkers", "score": 0.177, "class": 10 },
    { "term": "vitamin supplement patches", "score": 0.177, "class": 5 },
    { "term": "electrochemical gas compressors", "score": 0.177, "class": 9 },
    { "term": "gas sensors", "score": 0.176, "class": 9 },
    { "term": "crampons (climbing irons)", "score": 0.175, "class": 6 },
    { "term": "synthetic linear alpha olefins", "score": 0.175, "class": 1 },
    { "term": "gas fired furnaces", "score": 0.175, "class": 11 },
    { "term": "albumin", "score": 0.175, "class": 1 },
    { "term": "gas fires", "score": 0.175, "class": 11 },
    {
      "term": "figures for tic tac toe and abacus",
      "score": 0.174,
      "class": 28
    },
    { "term": "firestones", "score": 0.174, "class": 34 },
    { "term": "chromic acid", "score": 0.174, "class": 1 },
    { "term": "dehydrated ham", "score": 0.173, "class": 29 },
    { "term": "lactic acid", "score": 0.173, "class": 1 },
    { "term": "domestic gas cookers", "score": 0.173, "class": 11 },
    { "term": "hemoglobin", "score": 0.172, "class": 5 },
    { "term": "gas fired broilers", "score": 0.172, "class": 11 },
    { "term": "carbonic acid", "score": 0.172, "class": 1 },
    { "term": "ethyl ether", "score": 0.171, "class": 1 },
    { "term": "whey", "score": 0.171, "class": 29 },
    { "term": "oleic acid", "score": 0.17, "class": 1 }
  ]
}
